organization_name,,
1Worldspace,,
21st Century Aerospace Technology (21AT),,
ÅAC Microtecs,,
Aalto University,,
Academy of Military Science,,
ADA Space (?),,
"Advanced Engineering Services Company, Ltd.",,
Aerospace Corporation,,
Aerospace Dongfanghong Satellite Co. Ltd. (CASC),,
Aerospace Dongfanghong Satellite Co. Ltd. (CASC),,
Aerospacelab,,
Agency for Defense Development,,
Agenzia Spaziale Italiana (ASI),,
AgilSpace,,
Air Force Research Laboratory,,
Air Force Satellite Control Network,,
Airbus,,
Airbus Defence and Space,,
Airbus Defense and Space,,
AISTech,,
AIVT by ISISSpace,,
AIVT by Mexican University of the Army and Air Force,,
Al Yah Satellite Communications Co. (YAHSAT),,
Al-Farabi Kazakh National University,,
Alba Orbital,,
Alcatel,,
Alcatel Alenia Space,,
Alcatel Space Industries,,
Alén Space,,
Alenia Aerospazio,,
Alenia Aerospazio (and 28 subcontractors),,
Alenia Space and Airbus Defense and Space,,
Alenia Spazio,,
Algerian Space Agency (ASAL),,
Alibaba,,
All-Russia Research Institute of Electromechanics (NPP VNIIEM),,
Amateur Radio enthusiasts,,
American University of Sharjah,,
Ames Research Center,,
AMSAT,,
AMSAT-China,,
Amsat-NA,,
AMSAT-UK,,
Analytical Space,,
ANDESITE - Boston University,,
Aoyama Gakuin University in Tokyo,,
Applied Mechanics (NPO),,
Applied Physics Laboratory,,
"Applied Physics Laboratory, Johns Hopkins",,
Aprize Satellite,,
Aprize Satellite Argentina,,
"Aprize Satellite, Argentina",,
APSCO,,
APT Satellite Holdings Ltd.,,
Arab Satellite Communications Org. (ASCO),,
"Argentinian Ministry of Science, Technology and Productive Innovation",,
Armed Forces,,
Army Forces Strategic Command,,
Army Space and Missile Defense Command,,
ArSat,,
Asher Space Research Institute at Technion,,
Asia Broadcast Satellite Ltd.,,
Asia Satellite Telecommunications Co. Ltd.,,
Astranis,,
Astrium,,
Astro Digital,,
Astro Live Experiences,,
Astro Space Center of Moscow,,
Astrocast,,
Astrodynamics and Control Laboratory of Yonsei University,,
Astronautic Technology Sdn. Bhd (ATSB),,
Astroscale,,
Astroscale ,,
Astrospacelab,,
Astrotech SOHLA,,
Atlas 5,,
ATSB,,
Aurora Insight,,
Australian Ministry of Defense,,
Austrian Academy of Sciences,,
"Avanti Communications, PLC",,
Axelspace,,
Azercosmos,,
Ball Aerospace,,
Bangladesh Telecommunication Regulatory Commission (BTRC),,
Bank Rakyat Indonesia (BRI),,
Bauman Moscow State Technical University,,
Baylor University,,
Beihang University,,
Beijing Commsat Technology Development Co. Ltd.,,
Beijing Future Navigation Technology Co. Ltd.,,
Beijing Landview Mapping Information Technology Co. Ltd (BLMIT),,
"Beijing MinoSpace Technology Co., Ltd.",,
Beijing Space View Technology,,
"Beijing ZeroG Space Technology Co., Ltd.",,
Beijing ZeroG Technology Co. Ltd.,,
Beijing Zhixing Space Technology Co. Ltd,,
Belintersat,,
Bigelow Aerospace,,
BlackSky Global,,
Blue Canyon,,
Blue Canyon Technologies,,
Blue Canyon Technologies Inc.,,
Boeing,,
Boeing Corp.,,
Boeing Defense and Space,,
Boeing Integrated Defense Systems,,
Boeing Satellite Development Center,,
Boeing Satellite Systems,,
Boeing Satellite Systems (prime),,
Boeing Space & Intelligence Systems,,
Boeing Space Systems,,
Bolivarian Agency for Space Activities,,
Bolivia Aerospace Bureau,,
Boston University,,
Brazilian Air Force,,
Brazilian National Institute of Space Research (INPE/MCTI),,
Brazilian Space Agency,,
Brigham Young University,,
Bristol Aerospace Ltd.,,
BRITE Consortium,,
Broadcasting Satellite System Corp.,,
Built by Vietnamese engineers studying in Japan.,,
Bulsatcom,,
C3S,,
Cabinet Satellite Intelligence Center (CSIC),,
California Polytechnic Institute,,
California Polytechnic State University,,
California Polytechnic University,,
CalPoly,,
CAMSAT,,
Canadian Space Agency,,
Canon Electronics ,,
Canon Electronics Space Technology Laboratory,,
Canopus Systems,,
Cape Peninsula University of Technology,,
Cape Peninsula University of Technology (CPUT),,
Capella Space,,
Capital Technology University,,
Care Weather Technologies,,
Carlo Gavazzi Space (CGS) working with network of universities,,
Carnegie Mellon University,,
CASC,,
CAST,,
"Center for Atmospheric Sciences, Hampton University",,
Center of Excellence for Space Sciences and Technologies (SPACE-SI),,
Central European Institute of Technology,,
Centre for Research in Satellite Technology (CREST),,
Centre National d'Etudes Spatiales,,
Centre National d'Etudes Spatiales (CNES,,
Centre National d'Etudes Spatiales (CNES),,
Centre National D'études Spatiales (CNES),,
"Centre National d'Etudes Spatiales (CNES) - cooperation with Austria, Belgium, Spain, Sweden",,
Centre Spatial of Liège,,
Cesium Astro,,
Chang Guang Satellite Technology Co. Ltd.,,
Chang Guang Satellite Technology Co. Ltd.,,
Changchun Institute of Optics,,
Changchun Light Technology Institute,,
Changchun Photomechanical Institute (CAS),,
Changguang Satellite Co.,,
Changsha Gaoxinqu Tianyi Research Institute,,
Chengdu Guoxing Aerospace Technology Co. Ltd.,,
Chiba Institute of Technology,,
Chilean Air Force,,
China Academy of Launch Vehicle Technology (CASIC),,
China Academy of Science,,
China Academy of Sciences (CAS),,
China Academy of Space Technology,,
China Academy of Space Technology (CAST),,
China Academy of Space Tecnology (CAST),,
China Academy of SpaceTechnology (CAST),,
China Aerospace Science and Industry Corp.,,
China Aerospace Science and Industry Corporation (CASIC),,
China Aerospace Science and Technology Corp. (CASC),,
China Aerospace Science and Technology Corporation (CASC),,
China Aerospace Science and Technology Corporation (CASC) ,,
China Amateur Satellite - CAMSAT,,
China Centre for Resources Satellite Data and Application (CRESDA),,
China Earthquake Administration,,
China Electronic Technology Group,,
China Electronic Techology Group,,
China Great Wall Industry Corporation (CGWIC),,
China Manned Space Engineering Office (CMSEO),,
China Meteorological Administration,,
China National Academy of Sciences (CNSAS),,
China National Space Administration,,
China National Space Administration (CNSA),,
China Satellite Communication Corp. (China Satcom),,
China Siwei Surveying and Mapping Technology Co. Ltd.,,
China Spacesat,,
China Telecom,,
"China's Ministry of Land and Resources, Ministry of Environmental Protection, and Ministry of Agriculture",,
"China’s Ministry of Land and Resources, Ministry of Environmental Protection, and Ministry of Agriculture",,
Chinese Academy of Launch Vehicle Technology (CASIC),,
Chinese Academy of Sciences,,
Chinese Academy of Sciences (CAS),,
Chinese Academy of Space Technology (CASC),,
Chinese Academy of Space Technology (CAST),,
Chinese Amateur Satellite (CAMSAT),,
Chinese Ministry of National Defense,,
Chinese Research Institute of Space Technology,,
Chinese University Corporation for Polar Research,,
Chosun University,,
Chunghwa Telecom Co. Ltd.,,
Ciel Satellite Group,,
Clyde,,
Clyde Space,,
Clyde Space Ltd.,,
CNES,,
CNES,,
CNES (Centre national d'études spatiales),,
"College of Engineering, King Saud University",,
"College of Engineering, Pune",,
Colombian Air Force,,
Colorado State University,,
"Colorado State University, NASA Jet Propulsion Laboratory, Blue Canyon Technologies, Inc.",,
Com Dev International (Honeywell Canada),,
consortium of European companies and institutes,,
Copernicus Land and Marine Environment services,,
Cornell University,,
COSMIAC (Configurable Space Microsystems Innovations & Applications Center),,
COSMIAC and ASTRA LLC,,
Crown Prince Foundation,,
CRTS Morocco,,
CTRS Morocco,,
Cultivate Space Technology Co.,,
Czech Aerospace Research Center (VZLU),,
Czech Aerospace Research Center (VZLU) and partners,,
D-Orbit,,
DARPA,,
DARPA (Defense Advanced Research Projects Agency),,
Dauria Aerospace,,
Defence Research and Development Canada (DRDC),,
Defence Research and Development Organization,,
Defence Science and Technology Group,,
Defense Advanced Research Projects Agency (DARPA),,
Defense Innovation Unit,,
Defense Ministry,,
Deimos,,
Deimos Imaging,,
Délégation Générale de l'Armement (DGA),,
"Department of Astronautics, University of Tokyo",,
"Department of Astrophysical and Planetary Science, UC Boulder",,
"Department of Astrophysical and Planetary Sciences, University of Colorado Boulder",,
"Department of Computer Science and the Faculty of Engineering, Ariel University",,
Department of Defence,,
Department of Defense,,
Department of Homeland Security,,
Department of National Defense,,
Deutsches Zentrum für Luft- und Raumfahrt,,
"DFH Satellite Co. Ltd,",,
DFH Satellite Co. Ltd.,,
DFH Satellite Co. Ltd.,,
DGA (Arms Procurement Agency),,
DigitalGlobe Corporation,,
Directorate General of Armaments (DGA),,
DirecTV Latin America,,
"DirecTV, Inc.",,
DMC International Imaging (DMCII),,
DoD,,
Dongfanghong Satellite Co.,,
Dornier Systems (and 46 subcontractors),,
Dornier Systems (Astrium) and 35 subcontractors,,
DSN Corp.,,
Dynacon Inc.,,
EADS Astrium,,
EADS B,,
EADS Space,,
Earth Sciences Enterprise (NASA),,
Earth-i,,
Echostar Corporation (entire payload leased from Telesat Canada Ltd.),,
Echostar Global Australia,,
"Echostar Satellite Services, LLC",,
Ecole Polytechnique Fédérale de Lausanne (EPFL),,
Ecuador Technical University,,
Egyptian Radio and TV Union,,
Elbit Systems,,
Electronics and Telecommunications Research Institute (ETRI),,
Embratel Star One,,
Emirates Institution for Advanced Science & Technology (EIAST),,
Endurosat,,
"Engineering Department, Chosun University",,
EOS Data and Operations System,,
Equator Technological University,,
Es'hailSat,,
Es’hailSat,,
ESA,,
Ethiopian Space Science and Technology Institute,,
EUMETSAT,,
EUMETSAT (European Organization for the Exploitation of Meteorological Satellites),,
EUMETSAT (European Organization for the Exploitation of Meterological Satellites),,
European Maritime Safety Agency,,
European Space Agency,,
European Space Agency (ESA),,
European Space Agency (ESA) (and 250 international scientific investigators),,
European Space Operations Centre (ESOC),,
European University Network,,
EUTELSAT Americas,,
EUTELSAT S.A.,,
exactEarth,,
Exseed Space,,
Federal University of Santa Maria (UFSM),,
FH Aachen,,
"Firebird Consortium (Montana State Univ., Univ. of New Hampshire, Aerospace Corp., Los Alamos National Laboratory)",,
Firmamentum,,
Fleet Space Technologies,,
Fossa Systems,,
French Defense Ministry,,
French South African Institute of Technology,,
Fugro,,
Galaxy Space,,
GalaxySpace,,
"GasTianta and GZH-HNJ BDS AGR Co., Ltd.",,
Gazprom Space Systems,,
General Atomics - Electromagnetic Systems Group,,
General Atomics Electromagnetic Systems,,
General Delegation for Ordnance (DGA),,
General Dynamics,,
Geo-Informatics and Space Technology Development Agency (GISTDA),,
GeoOptics Inc.,,
Georgia Institute of Technology,,
German Aerospace Center (DLR-IKN),,
German Aerospace Center (DLR),,
German Orbital Systems,,
German Orbital Systems ,,
German Research Centre for Geosciences (GFZ),,
Ghalam LLP,,
GHGSat,,
"GHGSat, Inc.",,
Global Eagle Entertainment,,
Globalstar,,
Goddard Space Flight Center,,
Gogo,,
GomSpace,,
GomSpace ApS,,
Gonets Satcom,,
Government of Sudan,,
GSFC,,
Guodian Gaoke,,
Harbin Institute,,
Harbin Institute of Technology,,
Harris Corporation,,
HawkEye 360,,
HEAD Aerospace,,
Helios Wire,,
Hellas-Sat Consortium Ltd.,,
Hera Systems,,
Herzliya Science Center,,
Hiber Global,,
Hisdesat,,
Hispamar (subsidiary of Hispasat - Spain),,
Hispasat,,
HIT,,
HKU,,
Hokkaido University,,
Hong Kong Aerospace Tech Group,,
Hong Kong Aerospace Technology Group,,
"Horizons 2 Satellite, LLC (Intelsat, Sky Perfect JSAT Corporation)",,
Huaian Youth Comprehensive Development Base,,
Hubei University of Technology (HUT),,
Hughes Space and Communications Co.,,
Hughes Space and Communications Co. ,,
"HughesNet leased from Echostar Technologies, LLC",,
"Hunan Hangsheng Satellite Technology Co., Ltd.",,
ICEYE Ltd.,,
"ImageSat International, NV",,
Imperial College-London,,
Indian Air Force,,
Indian Institute of Space Science and Technology,,
Indian Navy,,
Indian Space Research Organization (ISRO),,
Indonesian National Aeronautics and Space Agency (Lembaga Penerbangan dan Antariksa Nasional - LAPAN),,
Indonesian National Institute of Aeronautics and Space,,
Infoterra,,
INMARSAT,,
"INMARSAT, Ltd.",,
"INMARSAT,Ltd.",,
Innovation Academy for Microsatellites,,
Innovation Academy for Microsatellites,,
"Innovation Academy for Microsatellites, Chinese Academy of Sciences",,
Innovative Solutions in Space,,
Innovative Solutions in Space BV,,
"Insight Position Digital Intelligence Technology Service Co., Ltd. ",,
InSpace,,
Institut für Luft-und Raumfahrttechnik,,
Institut für Luft-und Raumfahrttechnik (Berlin),,
"Institute of Aeronautics and Astronautics, Technical University of Berlin",,
Institute of Space and Aeronautical Science,,
"Institute of Space and Aeronautical Science, University of Tokyo",,
Institute of Space and Astronautical Science (ISAS),,
Institute of Space Sensor Technology and Planetary Exploration,,
Instituto Nacional de Pesquisas Espaciais (INPE),,
Instituto Nacional de Técnia Aeroespacial (INTA),,
Instituto Nacional de Tecnica Aerospacial (INTA),,
Intelsat,,
Intelsat,,
Intelsat S.A.,,
Intelsat S.A. ,,
INVAP,,
INVAP S.E.,,
iQPS,,
"Iridium Communications, Inc.",,
IRSO Satellite Center,,
iSky Technology,,
Israel Aerospace Industries (IAI),,
Israel Aircraft Industries (IAI),,
"Israel Aircraft Industries (IAI), Missiles and Space Group",,
Israel Space Agency,,
Israeli Aircraft Industries,,
ISRO Satellite Center,,
ISS Reshetnev,,
ISS Reshetnev,,
Istanbul Technical University,,
Istanbul Technical University,,
Italian Defense Ministry,,
Italian Institute for Nuclear Physics,,
Italian Space Agency,,
ITU Space Systems Design & Test Laboratory,,
Japan Aerospace Exploration Agency,,
Japan Aerospace Exploration Agency (JAXA),,
Japan Meteorological Agency,,
Japan Space Systems,,
JAXA,,
"JAXA, Ministry of Environment, National Institute of Environmental Studies",,
Jet Propulsion Laboratory (NASA),,
Jihua Laboratory,,
Joanneum Research,,
Johns Hopkins University Applied Physics Laboratory,,
JSC KazSat,,
Kacific,,
Kawasaki Heavy Industries,,
Kayser-Threde GmbH,,
Kazcosmos,,
"KB Arsenal, RKTs Progress",,
KB Yuznoye,,
Kepler Aerospace,,
Kepler Communications,,
Khalifa University,,
Khrunichev,,
King Abdulaziz City for Science and Technology,,
Kingdom of Morocco,,
KLEO Connect,,
Kleos Space,,
Kongsberg Seatex AS,,
Korea Advanced Institute of Science and Technology (KAIST),,
Korea Aerospace Research Institute (KARI),,
Korea Meteorological Administration,,
Korean Agency for Defense Development (ADD),,
KT Corporation,,
Kyushu Institute of Technology,,
Kyushu Institute of Technology (KIT),,
Kyushu Technical University,,
Kyushu University,,
La Sapienza University of Rome,,
"Laboratory for Atmospheric and Space Physics, Univ. of Colorado",,
Lacuna Space,,
Laos National Authority for Science and Technology,,
Lavochkin,,
LeoStella,,
LightSquared,,
Lincoln Laboratory-University of Massachusetts Amherst,,
Link Space Aerospace Technology,,
LL-UM Amherst,,
Lockheed Commercial Space Systems,,
Lockheed Martin,,
Lockheed Martin Astronautics,,
Lockheed Martin Commercial Space Systems,,
Lockheed Martin Missiles & Space,,
Lockheed Martin Space Systems,,
Lockheed Martin Space Systems Advanced Technology Center (ATC),,
Loft Orbital,,
Loral,,
Los Alamos National Laboratory,,
Lunasonde,,
LuxGovSat,,
LuxSpace,,
Lynk Global,,
Lynk Global Inc.,,
M42 Technologies,,
"MacDonald, Dettwiler",,
"MacDonald, Dettwiler and Associates",,
Machakos University,,
Marshall Intec,,
Masdar Institute of Science and Technology,,
Massachusetts Institute of Technology,,
"Max Valier school Bolzano, Italy, Oskar von Miller school, Merano, Italy",,
Maxar ,,
Maxar Technologies,,
Maxar Technologies Inc.,,
MDA Corporation,,
MEASAT Satellite Systems Sdn. Bhd.,,
Meteorological Satellite Center (MSC),,
Mexican Space Agency,,
Mexico Secretariat of National Defense (SEDENA),,
Mexico Telecomm,,
Michigan Technological University,,
Microsat Systems Canada Inc.,,
Microspace Rapid Pvt Ltd.,,
Military Satellite Communications - US Air Force,,
Military Space Forces (VKS),,
Miltec,,
Ministry of Armed Forces,,
Ministry of Defense,,
Ministry of Housing and Urban-Rural Development,,
Ministry of Natural Resources,,
Minospace,,
MinoSpace Technology,,
MinoSpace Technology (?),,
Missile Defense Agency,,
Missile Defense Agency (MDA),,
MIT,,
MIT Lincoln Laboratory,,
Mitsubishi,,
Mitsubishi Electric,,
Mitsubishi Electric ,,
Mitsubishi Heavy Industries,,
Mobile Satellite Ventures,,
Mohammed bin Rashid Space Center,,
Mohammed bin Rashid Space Centre,,
Mohammend Bin Rashid Space Centre (MBRSC),,
Momentus,,
Montana Space Grant Consortium,,
Montana State University,,
Montana University,,
Moscow State University,,
Mozhaiskiy Space Engineering Academy,,
Mozhaisky Space Engineering Academy,,
Multinational,,
Nahon University,,
Nanjing and Hong Kong Universities,,
Nanjing University,,
Nanjing University of Aeronautics and Astronautics,,
Nanjing University of Science and Technology,,
NanoAvionics,,
NanoSatisfi Inc.,,
Nanyang Technological University,,
Nanyang Technological University (NTU),,
NASA,,
NASA Ames Research Center,,
NASA Earth Science Technology Office,,
NASA Goddard Space Flight Center,,
NASA Goddard Space Flight Center collaborators,,
NASA Jet Propulsion Laboratory,,
NASA JPL,,
NASA Langley Research Center,,
NASA Small Satellite Technology Program,,
National Academy of Sciences,,
National Aeronautics and Space Administration (NASA),,
National Aeronautics and Space Administration (NASA) Earth Science Office,,
National Aeronautics and Space Administration (NASA) Goddard Space Flight Center,,
National Aeronautics and Space Administration (NASA)-Ames Research Center,,
National Authority for Remote Sensing and Space Science (NARSS),,
National Authority for Remote Sensing and Space Sciences,,
National Autonomous University of Mexico,,
National Bureau of Statistics,,
National Center for Nanoscience and Technology,,
National Centre for Scientific Research (CNRS),,
National Centre for Space Studies (CNES),,
National Committee for Disaster Reduction and State Environmental Protection,,
National Institute for Space Research (Brazil),,
National Institute for Space Research (INPE),,
National Institute of Information and Communications Technology (JPN),,
National Institute of Technology at Kochi College,,
National Meteorological Satellite Center,,
National Oceanographic and Atmospheric Administration (NOAA),,
National Oceanographic and Atmospheric Administration (NOAA) (part of international program),,
National Oceanographic and Atmospheric Admistration (NOAA),,
National Reconnaissance Laboratory,,
National Reconnaissance Laboratory (?),,
National Reconnaissance Laboratory (NRL),,
National Reconnaissance Office,,
National Reconnaissance Office (NRO),,
National Remote Sensing Center (NRSCC),,
National Space Activities Commission (CONAE),,
National Space Organization,,
National Space Program,,
National Space Program Office (NSPO),,
National Space Research and Development Agency (NASRDA),,
National Space Science Center,,
National Space Science Center (NSSC),,
National Technical University,,
National Technology Agency of Finland,,
National University of Defence Technology (NUDT),,
National University of Defense Technology,,
National University of Singapore,,
Naval Physical and Oceanographic Laboratory,,
Naval Post-Graduate School,,
Naval Postgraduate School,,
Naval Research Laboratory,,
NBN Co (operated by Optus),,
NearSpace Launch,,
NEC Corporation,,
Nepal,,
Netherlands Organization for Applied Scientific Research (NTO) consortium,,
NigComSat,,
Nihon University,,
Nilesat,,
Ningxia Jingui Information Technology Co. Ltd.,,
Ninth Academy of CASIC,,
NL,,
NOAA,,
NOAA (National Oceanographic and Atmospheric Administration),,
Noorul Islam University,,
North Idaho STEM Charter Academy,,
Northrop Grumman,,
Northrop Grumman Innovative Systems (NGIS),,
Northrup Grumman,,
Northrup Grumman Information Systems,,
Northrup Grumman Innovation Systems,,
Northwest Nazarene University,,
Norwegian Coastal Admnistration,,
Norwegian Defence Research Establishment,,
Norwegian Space Center,,
NovaWurks,,
Novosibirsk State University,,
NPO,,
NPO Lavochkin,,
NPO Mashinostroyeniya,,
NPO VNIIEM,,
NPO-PM,,
NPP VNIEM,,
NSLComm,,
O3b Networks Ltd.,,
OAO ISS,,
OAO Resetneva,,
OAO-ISS,,
OAS ISS,,
OHB Germany,,
OHB Italia,,
OHB SE (Orbitale Hochtechnologie Bremen),,
OHB System-AG,,
OHB-System AG ,,
"OHB-System GmbH, SSTL",,
"OHB-System GmbH, SSTL ",,
Omnispace,,
OneWeb Satellites,,
Open Cosmos,,
Operational Responsive Space (ORS) Office,,
Optus Communications (Parent: Singapore Telecom),,
ORBCOMM Inc.,,
Orbit Fab,,
Orbital ATK,,
Orbital Sciences Corp.,,
Orbital Space,,
Origin Space,,
Orion Space,,
ORSO (Operationally Responsive Space Office),,
Pakistan Space and Upper Atmosphere Research Commission (SUPARCO),,
PakSat International,,
PanAmSat (Intelsat S.A.),,
Paradigm Secure Communications (wholly owned by EADS Astrium),,
Paraguayan Space Agency,,
Payloads from DARPA and Internet of Things,,
Penn State University,,
People's Liberation Army (C41),,
Peruvian Space Agency,,
"PES University, Bengaluru",,
"Philippines’ Department of Science and Technology, University of the Philippines Diliman, and Japan’s Hokkaido University and Tohoku University",,
PHL Microsat,,
"Planet Labs, Inc.",,
Planetary Resources,,
PlanetiQ,,
PM - Scientific Research Institute for Precision Instruments (NII-TP),,
PO Polyot,,
PointView Tech,,
Polytechnic University of Madrid,,
Portland State Aerospace Society,,
Portland State University,,
Progress Rocket and Space Center,,
PT Pasifik Satelit Nusantara,,
PT Telkomunikasi,,
Pumpkin Space Systems,,
Qiansheng Exploration Technology Co. Ltd.,,
QinetiQ Space Belgium,,
Radio Amateur Satellite Corporation (AMSAT),,
Radio Amateur Society of Thailand (RAST),,
Radio Club Bariloche,,
Ratheon Corporation,,
Raytheon,,
Reaktor Space Lab,,
Reaktor Space Labs,,
Regional African Satellite Communications Organization (RASCOM),,
Revolutionary Guard Corps,,
Riyadh Space Research Institute,,
RKK Energia,,
"Robertsville Middle School, Oak Ridge, Tennessee",,
Rocket Labs,,
Rocket Labs,,
Rocket-Space Corporation Energia,,
Roscosmos,,
Roscosmos State Corporation,,
Roshydromet - Planeta,,
Royal Jordanian Radio Amateur Society,,
"Royal Meteorologial Institute, Belgium",,
"Royal Meteorological Institute, Belgium",,
Russia,,
Russian Academy of Sciences,,
Russian Federal Service For Hydrometeorology and Environmental Monitoring (ROSHYDROMET),,
Russian Federal Space Agency,,
Russian Satellite Communications Company,,
RymanSat,,
RymanSat Project,,
SA Photonics,,
Salish Kootenai College,,
Sandia National Laboratory,,
Sanya Institute of Remote Sensing,,
Sapienza,,
Sateliot IoT,,
Satellite Design Laboratory UT Austin,,
Satellogic,,
Satellogic S.A.,,
SaTReC (Satellite Technology Research Center) of KAIST,,
Satrec Initiative,,
SatRevolution,,
Scientific Production Corporation (joint stock creation of Russian Space Agency),,
SES Americom (SES [Société Européenne des Satellites (SES)]),,
SES S.A.,,
SES S.A. -- total capacity leased to subsidiary of EchoStar Corp.,,
Shandong Institutes of Industrial Technology,,
Shanghai Academy of Satellite Technology (SAST),,
Shanghai Academy of Space Technology,,
Shanghai Academy of Spaceflight Technology,,
Shanghai Academy of Spaceflight Technology (SAST),,
Shanghai ASES Spaceflight Technology Co. Ltd.,,
"Shanghai ASES Spaceflight Technology Co. Ltd., NJU",,
Shanghai Engineering Center for Microsatellites,,
Shanghai Institute of Microsatellite Innovation,,
"Shanghai Institute of Microsatellite Innovation, Chinese Academy of Sciences",,
Shanghai Institute of Satellite Engineering at the Shanghai Academy of Spaceflight Technology,,
Shanghai Jiao Tong University,,
Shanghai Lizheng Satellite Application Technology,,
Shanghai Micro Satellite Engineering Center,,
Shanghai Ok Space Co Ltd.,,
Shenzhen Aerospace Dongfanghong Development Ltd.,,
Shenzhen Aerospace Dongfanghong HIT Satellite Ltd.,,
Shenzhen Aerospace Dongfanghong Satellite Co. Ltd.,,
Shenzhen Aerospace Oriental Red Sea Satellite Co.,,
Sierra Nevada Corp.,,
Singapore Telecommunications Ltd. (SingTel),,
Sirius XM Holdings,,
Skobeltsyn Institute of Nuclear Physics,,
"Sky and Space Global, UK",,
Sky Mexico,,
Sky Perfect JSAT Corp.,,
Sky Perfect JSAT Corporation,,
Skybox Imaging,,
SkyFox Labs,,
SkyLabs,,
Solutions in Space,,
South Asian Association for Regional Cooperation,,
"South Florida University, Institute of Applied Engineering (IAE)",,
Southwest Research Institute,,
"Space Dynamics Laboratory, Utah State University",,
Space Flight Laboratory,,
Space Flight Laboratory (SFL),,
Space Logistics LLC,,
Space OK (Shanghai Ok Space Co Ltd.),,
Space Oriented Higashiosaka Leading Association,,
"Space Research Center, Polish Academy of Sciences",,
"Space Research Institute, King Abdulaziz City for Science and Technology",,
"Space Sciences Laboratory (SSL) of the University of California Berkeley; Kyung Hee University (KHU), Imperial College London",,
"Space Sciences Laboratory, UC Berkeley",,
Space Surveillance Network,,
Space System,,
Space Systems,,
Space Technologies Research Institute,,
Space Technology Institute-Vietnam Academy of Science and Technology (STI-VAST),,
Space Technology Research Institute (part of CASC),,
Space Test Program,,
Space-Communication Ltd.,,
Spaceflight Industries,,
SpacePharma,,
SpaceQuest,,
"SpaceQuest, Ltd.",,
Spacety,,
Spacety Aerospace Co.,,
Spacety Aerospace Company,,
Spacety Co. Ltd.,,
SpaceX,,
Spanish Space Agency,,
Spectrum Astro (General Dynamics),,
"Spectrum Astro, Inc.",,
Spire Global,,
Spire Global Inc.,,
Spot Image,,
SRI International,,
SRM University,,
SSI-Monaco,,
ST Electronics Ltd.,,
Stanford University,,
State Oceanic Administration (SOA),,
Steamjet,,
Strategic Space Command,,
Sun Yat-sen University,,
Surrey Satellite Technologies,,
Surrey Satellite Technologies Ltd.,,
Surrey Satellite Technology Ltd.,,
Surrey Satellite Technology Ltd. ,,
Swales Aerospace,,
Swarm Technologies,,
Swedish Defense Materiel Administration,,
Swedish National Space Board,,
Swedish Space Corporation,,
Synspective,,
Taiwan's National Space Organization,,
Tallinn University of Technology,,
Technical  University Dresden,,
Technical Research Centre of Finland,,
Technical University Berlin,,
Technical University Dresden,,
Technical University of Delft,,
Technical University of Graz,,
Technical University of Munich,,
"Technical University, Delft",,
Teen Satellite Project,,
Teikyo University,,
Tel Aviv University,,
Telebras,,
Telemetry Tracking and Command Network (ISTRAC) Centre,,
Telenor Satellite Broadcasting,,
"Telesat Canada Ltd. (BCE, Inc.)",,
Telespazio,,
TELNET Holding,,
TerraStar Corporation,,
TESAT Spacecom,,
Tethers Unlimited,,
Thai Air Force,,
Thaicom Public Company Ltd.,,
Thales,,
Thales Alenia Space,,
Thales Alenia Space Italia,,
Thales Alenia Spazio,,
The Planetary Society,,
ThrustMe,,
Thuraya Satellite Communications,,
Tianjin University,,
Tianyi Research Institute,,
Tiger Innovations,,
Tohoku University,,
Tokyo Institute of Technology,,
Tokyo Metropolitan College of Industrial Technology,,
Toshiba,,
TRW,,
TRW and Aerojet Electronics Systems,,
TRW Defense and Space Systems Group,,
TRW Space and Electronics,,
"TRW, Defense and Space Systems Group",,
TSEPT,,
Tsinghua University,,
Tsinghua University,,
TsSKB Progress,,
TsSKB Progress (State Research & Production Space Rocket Center),,
TsSKB-Progress Samara Space Center and KB Arsenal,,
TÜBİTAK Space Technologies Research Institute,,
Turkish Aerospace Industries,,
Turkish Ministry of National Defense,,
Turkmenistan Ministry of Communications,,
Turksat,,
Two high schools and OHB System AG,,
Tyvak Nanosatellite Systems,,
"Tyvak Nanosatellite Systems, Inc.",,
U.S. Army Space and Missile Defense Command,,
U.S. Army's Space and Missile Defense Command,,
U.S. Army’s Space and Missile Defense Command,,
U.S. Space Force,,
UK,,
UK Government,,
UK Space Agency,,
UK-AMSAT,,
UMBRA,,
Unitas SFL,,
UNITAS Space Flight Laboratory (SFL),,
"University Corporation for Atmospheric Research (UCAR) Boulder, CO",,
University of Aalborg,,
University of Brasilia,,
University of British Columbia,,
University of California,,
University of California-Berkeley,,
"University of California, Berkeley (in partnership with Germany, France, Austria, Canada)",,
University of Chile,,
University of Chile for Aerospace Investigation),,
University of Colorado,,
"University of Colorado, Boulder",,
University of Colorado’s Laboratory for Atmospheric and Space Physics,,
University of Florida,,
University of Illinois Urbana-Champaign,,
University of Louisiana at Lafayette,,
University of Malibor,,
University of Michigan,,
University of Montpellier,,
"University of Nairobi, Kenya",,
University of New South Wales,,
University of North Carolina,,
University of North Carolina - Wilmington,,
University of Science and Technology,,
"University of South Florida, Institute of Applied Engineering (IAE).",,
University of Southern California,,
"University of Southern California, Space Engineering Research Center",,
University of Stuttgart,,
University of Surrey,,
University of Texas - Austin,,
University of Texas at El Paso,,
University of Tokyo,,
University of Tokyo and NESTRA,,
"University of Tokyo, the Tokyo Institute of Technology, Keio University, Japan Space Systems",,
University of Toronto Institute for Aerospace Studies,,
University of Toronto Institute for Aerospace Studies (UTIAS),,
University of Toronto Institute for Aerospace Studies Space Flight Laboratory,,
"University of Toronto, Institute for Aerospace Studies",,
University of Utah,,
University of Versailles Saint-Quentin-en-Yvelines (UVSQ,,
University of Versailles Saint-Quentin-en-Yvelines (UVSQ),,
University of Vigo,,
University of Würzburg,,
Unknown,,
Unknown US agency,,
UnseenLabs,,
US Air Force,,
US Air Force,,
US Air Force Academy,,
US Air Force Institute of Technology,,
US Army Space and Missile Defense Command,,
US Coast Guard,,
US Department of Energy,,
US Geological Survey,,
US Naval Academy,,
US Navy,,
US Southern Command,,
US Space Force,,
USAF,,
USAF Space Test Office,,
UT Austin,,
Utah State University,,
Vanderbilt University,,
Various,,
Verhaert Design and Development NV (leading a European consortium),,
"ViaSat, Inc.",,
Vietnam National Space Center,,
Vietnamese Posts and Telecommunications Group (VNPT),,
VNIIEM,,
Von Karman Institiute (VKI),,
Von Karman Institute (VKI),,
Wakayama University (UNIFORM consortium),,
Wakayama University and other Japanese universities,,
"WarpSpace, Inc.",,
"Weathernews, Inc.",,
WildBlue Communications,,
Wuhan University,,
Würzburg Center for Telematics,,
Xiamen University,,
Xingyun Satellite Co.,,
Xinwei Telecom Technology Co,,
Xinwei Telecom Technology Company,,
XM Satellite Radio USA,,
XTAR,,
Yahsat,,
York Space Systems,,
Yuzhnoye,,
Zhejiang University,,
Zhongke Xingrui,,
Zhuhai Orbita Aerospace Science and Technology Co.,,
Zhuhai Orbita Control Engineering Co. Ltd.,,
,,
